Title,URL
Redbone,https://www.youtube.com/watch?v=k5vz-CNmpac
SLOW DANCING IN THE DARK,https://www.youtube.com/watch?v=nwSPZ0zFq6s
Hotline Bling,https://www.youtube.com/watch?v=wtYvIbUGAkA
The Less I Know The Better,https://www.youtube.com/watch?v=KpLjdTBHEtI
Dream a Little Dream of Me,https://www.youtube.com/watch?v=kvGiaMleW0M
GLIMPSE OF US,https://www.youtube.com/watch?v=9k4tZ6IcwOc
Running Up That Hill (A Deal With God),https://www.youtube.com/watch?v=oOQYzYNgN4s
WHITE IVERSON,https://www.youtube.com/watch?v=DcpIE0riwXA
Rockstar,https://www.youtube.com/watch?v=gAurtTzit1Y
Feel Good Inc.,https://www.youtube.com/watch?v=ahQVnT5wWOI
Flowers,https://www.youtube.com/watch?v=9TGSFTvLNw4
In the End,https://www.youtube.com/watch?v=jHko7j8pbIM
Another Day in Paradise,https://www.youtube.com/watch?v=rrJ8rivg90o
Mad World,https://www.youtube.com/watch?v=WQmyou8YB4A
Trouble,https://www.youtube.com/watch?v=Lp6hcRFxTy8
Save Your Tears,https://www.youtube.com/watch?v=olFGKducmDM
Beth/Rest,https://www.youtube.com/watch?v=wybPFkX5-v4
creep,https://www.youtube.com/watch?v=VWjnyGiifKI
One Last Time,https://www.youtube.com/watch?v=8eC2WGl465U
La Vie en rose,https://www.youtube.com/watch?v=08y5Fh9bQEk
Talking Body,https://www.youtube.com/watch?v=T_yWorQveWs
California Dreamin',https://www.youtube.com/watch?v=_DCQq-RET80
Stand by Me,https://www.youtube.com/watch?v=4hZqZPsstSw
HELP HERSELF,https://www.youtube.com/watch?v=2P88gyXNMLA
Forget Me,https://www.youtube.com/watch?v=7g3Y_YjcAoY
Lovefool,https://www.youtube.com/watch?v=Urmvg54hldk
Summertime Sadness,https://www.youtube.com/watch?v=hNaX_mMha08
TALK,https://www.youtube.com/watch?v=t811oyQsWzI
Earth Angel,https://www.youtube.com/watch?v=LHrSneLatFc
Magic,https://www.youtube.com/watch?v=tOtGNDRVEWw
REMEMBER ME,https://www.youtube.com/watch?v=dCeeFaeKoOM
Music For a Sushi Restaurant,https://www.youtube.com/watch?v=o5gq3By9BIM
ANTI-HERO,https://www.youtube.com/watch?v=RApTpJq2ERY
Pink + White,https://www.youtube.com/watch?v=WGhXfjr46Hg
Purple Rain,https://www.youtube.com/watch?v=A-AfRIkzz7A
you broke me first,https://www.youtube.com/watch?v=EjsRsUV-EGE
GET YOU THE MOON,https://www.youtube.com/watch?v=CF2vp8tvZJg
I Don't Wan't to Set the World on Fire,https://www.youtube.com/watch?v=KxgVSBEkp30
THATS WHAT I WANT,https://www.youtube.com/watch?v=gScXIKlBaFg
LIFE GOES ON,https://www.youtube.com/watch?v=SWIJtaZRys4
Jealous,https://www.youtube.com/watch?v=kMRhQenbP7Q
Lose You To Love Me,https://www.youtube.com/watch?v=pBsO3GJpDVA
July,https://www.youtube.com/watch?v=tbPTxDvq6j8
LOVE AGAIN,https://www.youtube.com/watch?v=jEO9Ed8qdJY
I Want It That Way,https://www.youtube.com/watch?v=qLxZJ27F4h8
blinding lights,https://www.youtube.com/watch?v=vddJfMPwBO0
Under the Bridge,https://www.youtube.com/watch?v=6Z-7fjSm4w0
LIGHTS OUT,https://www.youtube.com/watch?v=eGCaPXUd4ls
Bad Habits,https://www.youtube.com/watch?v=-16M6Z8EmUg
Californication,https://www.youtube.com/watch?v=bptlsooWy24
YEAH RIGHT,https://www.youtube.com/watch?v=agJ1dlB_wsA
If I Can Dream,https://www.youtube.com/watch?v=rNQG058CGw8
Heaven,https://www.youtube.com/watch?v=XEPTWd3BjJU
Everytime We Touch,https://www.youtube.com/watch?v=CMSmMI2Ge0A
Love The Way You Lie,https://www.youtube.com/watch?v=rgGPneT-0AI
My Mind & Me,https://www.youtube.com/watch?v=y0PGFsT6-0w
Lonesome Town,https://www.youtube.com/watch?v=U9OPHBgoklo
All Girls Are The Same,https://www.youtube.com/watch?v=JxiGbOvR0NM
Best Part,https://www.youtube.com/watch?v=vARGpbUqo2g
Killing Me Softly With His Song,https://www.youtube.com/watch?v=u7gxhIxK1Uc
If I Ain't Got You,https://www.youtube.com/watch?v=u8XHVLmZrXE
Passionfruit,https://www.youtube.com/watch?v=ID1OMCGmz8M
Better Now,https://www.youtube.com/watch?v=ufzYUjzuRyI
Peaches,https://www.youtube.com/watch?v=rWNq0I9UXzE
Jocelyn Flores,https://www.youtube.com/watch?v=QBxp4eKocCc
Can't Help Falling in Love,https://www.youtube.com/watch?v=giNI6d7FBwY
Ms. Jackson,https://www.youtube.com/watch?v=s4r6gGaDMBM
TOUCH,https://www.youtube.com/watch?v=7xHvsNr2Gps
Put Your Head On My Shoulder,https://www.youtube.com/watch?v=nBG603RkdMY
Feel It Still,https://www.youtube.com/watch?v=oDyNtEvYHks
Happier Than Ever,https://www.youtube.com/watch?v=0CJbS6BXQi8
Better Off Alone,https://www.youtube.com/watch?v=jrwHMCEXeLs
Strangers,https://www.youtube.com/watch?v=y3bEZ7Uv5UQ
Hold On,https://www.youtube.com/watch?v=DWBvExS1dzU
Numb,https://www.youtube.com/watch?v=_ti7q4QEsWA
Homecoming,https://www.youtube.com/watch?v=CdCDMNw9aBg
All I Have to Do Is Dream,https://www.youtube.com/watch?v=7WfrMze3AfY
One Dance,https://www.youtube.com/watch?v=Lg7AbRT8fMs
Sunflower,https://www.youtube.com/watch?v=tF8QME2Ab6E
Sweet Disposition,https://www.youtube.com/watch?v=fCd7N2A-mOQ
Sunset Lover,https://www.youtube.com/watch?v=MxwVXGtdG6Y
Seven Nation Army,https://www.youtube.com/watch?v=TSDKmy__SzE
Red Bottom Sky,https://www.youtube.com/watch?v=P_FtzyTWRzk
Unchained Melody,https://www.youtube.com/watch?v=vqPTUgNRUos
Don't Go Breaking My Heart,https://www.youtube.com/watch?v=EovxC4fWVg0
Violent Crimes,https://www.youtube.com/watch?v=9JqP_Ub5FSg
MAGNOLIA,https://www.youtube.com/watch?v=y4n6IYMOp54
drivers license,https://www.youtube.com/watch?v=FBlyagBAMHU
SOFIA,https://www.youtube.com/watch?v=qri0G3aabsI
Come Away With Me,https://www.youtube.com/watch?v=eYHijPLlEGE
Sex on Fire,https://www.youtube.com/watch?v=kN1REsceL3c
Ain't No Sunshine,https://www.youtube.com/watch?v=3c3wetXe-x4
[Sittin' On] the Dock of the Bay,https://www.youtube.com/watch?v=8ih67LI4lvA
re:stacks,https://www.youtube.com/watch?v=v-fn4R7osA0
I'm Yours,https://www.youtube.com/watch?v=YmQtP_284uQ
Circles,https://www.youtube.com/watch?v=5y5eYp58wvE
Eyes Blue Like The Atlantic,https://www.youtube.com/watch?v=uY7vPk8H5fA
Fly Me to the Moon,https://www.youtube.com/watch?v=I7_t2PTDnGE
Heartbeats,https://www.youtube.com/watch?v=3pPfiGzrUq4
WITHOUT U,https://www.youtube.com/watch?v=ZMFwRnnxntw
No Surprises,https://www.youtube.com/watch?v=DEokuo3edgM
fix you,https://www.youtube.com/watch?v=aRbFzLVbwbo
Portals,https://www.youtube.com/watch?v=FGC7-koV95g
Come By Sometime,https://www.youtube.com/watch?v=SEakISZfVnY
Brighter Skies,https://www.youtube.com/watch?v=oWL21PNMmWk
The Smell of Coffee,https://www.youtube.com/watch?v=M_jBnlSQPD4
Redbone,https://www.youtube.com/watch?v=k5vz-CNmpac
Pillow Talk,https://www.youtube.com/watch?v=i2huffZSt6o
SLOW DANCING IN THE DARK,https://www.youtube.com/watch?v=nwSPZ0zFq6s
leaving you is hurting me,https://www.youtube.com/watch?v=-NY5DoqGFVA
the pression pt.2,https://www.youtube.com/watch?v=SuOdlZGFsrc
Hotline Bling,https://www.youtube.com/watch?v=wtYvIbUGAkA
The First Kiss,https://www.youtube.com/watch?v=HuniEjBryIk
The Less I Know The Better,https://www.youtube.com/watch?v=KpLjdTBHEtI
Dream a Little Dream of Me,https://www.youtube.com/watch?v=kvGiaMleW0M
the pression pt.1,https://www.youtube.com/watch?v=5Zc2t1zVEjI
GLIMPSE OF US,https://www.youtube.com/watch?v=9k4tZ6IcwOc
Blankets,https://www.youtube.com/watch?v=Ym8wI8-VX9c
Running Up That Hill (A Deal With God),https://www.youtube.com/watch?v=oOQYzYNgN4s
WHITE IVERSON,https://www.youtube.com/watch?v=DcpIE0riwXA
Field Trip,https://www.youtube.com/watch?v=mnwaOwp9f7A
Rockstar,https://www.youtube.com/watch?v=gAurtTzit1Y
sunset,https://www.youtube.com/watch?v=W3m-EPQNFRo
Obsession,https://www.youtube.com/watch?v=dsBaZSKjwUs
Feel Good Inc.,https://www.youtube.com/watch?v=ahQVnT5wWOI
i d n f u 2 lm (Remix),https://www.youtube.com/watch?v=vSJPKQS78ro
Trouble,https://www.youtube.com/watch?v=Lp6hcRFxTy8
"Something Given, Something Taken",https://www.youtube.com/watch?v=2OK5arSNROQ
Save Your Tears,https://www.youtube.com/watch?v=olFGKducmDM
creep,https://www.youtube.com/watch?v=VWjnyGiifKI
solstice,https://www.youtube.com/watch?v=k_Dpt51zAtE
One Last Time,https://www.youtube.com/watch?v=8eC2WGl465U
La Vie en rose,https://www.youtube.com/watch?v=08y5Fh9bQEk
twilight,https://www.youtube.com/watch?v=WLLh2dfeRGs
California Dreamin',https://www.youtube.com/watch?v=_DCQq-RET80
Stand by Me,https://www.youtube.com/watch?v=4hZqZPsstSw
HELP HERSELF,https://www.youtube.com/watch?v=2P88gyXNMLA
Summertime Sadness,https://www.youtube.com/watch?v=hNaX_mMha08
Forget Me,https://www.youtube.com/watch?v=7g3Y_YjcAoY
TALK,https://www.youtube.com/watch?v=t811oyQsWzI
Earth Angel,https://www.youtube.com/watch?v=LHrSneLatFc
REMEMBER ME,https://www.youtube.com/watch?v=dCeeFaeKoOM
ANTI-HERO,https://www.youtube.com/watch?v=RApTpJq2ERY
Pink + White,https://www.youtube.com/watch?v=WGhXfjr46Hg
Purple Rain,https://www.youtube.com/watch?v=A-AfRIkzz7A
you broke me first,https://www.youtube.com/watch?v=EjsRsUV-EGE
GET YOU THE MOON,https://www.youtube.com/watch?v=CF2vp8tvZJg
I Don't Wan't to Set the World on Fire,https://www.youtube.com/watch?v=KxgVSBEkp30
LIFE GOES ON,https://www.youtube.com/watch?v=SWIJtaZRys4
Jealous,https://www.youtube.com/watch?v=kMRhQenbP7Q
I Want It That Way,https://www.youtube.com/watch?v=qLxZJ27F4h8
blinding lights,https://www.youtube.com/watch?v=vddJfMPwBO0
Under the Bridge,https://www.youtube.com/watch?v=6Z-7fjSm4w0
LIGHTS OUT,https://www.youtube.com/watch?v=eGCaPXUd4ls
Bad Habits,https://www.youtube.com/watch?v=-16M6Z8EmUg
Californication,https://www.youtube.com/watch?v=bptlsooWy24
YEAH RIGHT,https://www.youtube.com/watch?v=agJ1dlB_wsA
If I Can Dream,https://www.youtube.com/watch?v=rNQG058CGw8
My Mind & Me,https://www.youtube.com/watch?v=y0PGFsT6-0w
Love The Way You Lie,https://www.youtube.com/watch?v=rgGPneT-0AI
Lonesome Town,https://www.youtube.com/watch?v=U9OPHBgoklo
Best Part,https://www.youtube.com/watch?v=vARGpbUqo2g
Killing Me Softly With His Song,https://www.youtube.com/watch?v=u7gxhIxK1Uc
If I Ain't Got You,https://www.youtube.com/watch?v=u8XHVLmZrXE
Passionfruit,https://www.youtube.com/watch?v=ID1OMCGmz8M
Better Now,https://www.youtube.com/watch?v=ufzYUjzuRyI
Peaches,https://www.youtube.com/watch?v=rWNq0I9UXzE
LIGHT,https://www.youtube.com/watch?v=XY6v9yd-V2o
when the party's over,https://www.youtube.com/watch?v=tqb1S3IUYYM
BUTTERFLY,https://www.youtube.com/watch?v=regt8zhFpYI
sex money feelings die,https://www.youtube.com/watch?v=5aJbBTngz8o
EARFQUAKE,https://www.youtube.com/watch?v=SxZ_yphGLTE
Yellow,https://www.youtube.com/watch?v=1xy2VNMjSjU
Mood,https://www.youtube.com/watch?v=6mFoUi-JXtA
LIKE I NEED U,https://www.youtube.com/watch?v=HvzM2H7RyZY
Yummy,https://www.youtube.com/watch?v=TgIaOrjDaiI
DEAR APRIL,https://www.youtube.com/watch?v=xAtjJpimovE
B.S.,https://www.youtube.com/watch?v=PKXtawIuw1M
love lies,https://www.youtube.com/watch?v=F3SlaFoTZME
Yesterday,https://www.youtube.com/watch?v=co1akcL7OkY
All Night Parking,https://www.youtube.com/watch?v=jY_M4OCoGpA
Mr. Lonely,https://www.youtube.com/watch?v=kzww7hFoLSQ
US,https://www.youtube.com/watch?v=qijXQOPKRtM
As It Was,https://www.youtube.com/watch?v=TlcmUgLsISw
Portals,https://www.youtube.com/watch?v=FGC7-koV95g
Nora,https://www.youtube.com/watch?v=f9lJFF0-jhw
Eleven,https://www.youtube.com/watch?v=DzNCFfxmxOU
follow,https://www.youtube.com/watch?v=cm_7BB7HhvI
2 A.M.,https://www.youtube.com/watch?v=ZxkIXwG6Xoo
"Coffee, the Day After",https://www.youtube.com/watch?v=wj16FfGxr-0
RIP Udden,https://www.youtube.com/watch?v=VMxt_LkEWik
love at first sight,https://www.youtube.com/watch?v=Mjy58fM7y1g
tartartar,https://www.youtube.com/watch?v=kT43oAeiRKI
lakeation,https://www.youtube.com/watch?v=9OEaeJpBBOc
sleep,https://www.youtube.com/watch?v=BSMAUwesJo8
pardon,https://www.youtube.com/watch?v=OmAuxDRSjRc
moonlight,https://www.youtube.com/watch?v=TNWLmoGkRxk
Trust Me (I´ve Changed),https://www.youtube.com/watch?v=oyS5l1l8BUw
Slow Cry,https://www.youtube.com/watch?v=akVfU6yVlQ8
fantasy,https://www.youtube.com/watch?v=5ic7nDCn6hg
blinded,https://www.youtube.com/watch?v=UnLgBAOWUx0
repeat.repeat.repeat,https://www.youtube.com/watch?v=9W7rA2dsUKE
eclipse,https://www.youtube.com/watch?v=EvqSkZMUhGU
ambler,https://www.youtube.com/watch?v=9umWO1wvL-c
cloudy apple,https://www.youtube.com/watch?v=ULv5BAmpDz4
Ladybug,https://www.youtube.com/watch?v=kTL6nh6Ft6s
Green Love,https://www.youtube.com/watch?v=juzgGCQDuAw
obertyr,https://www.youtube.com/watch?v=9JfcVrwZZew
old fashioned,https://www.youtube.com/watch?v=1sBJ3aQBzC0
sampla,https://www.youtube.com/watch?v=0jl5Hi92hhs
verk,https://www.youtube.com/watch?v=siL3vegWfhw
i've been pwned (do it all),https://www.youtube.com/watch?v=RmMXoiSkBMM
facetime and chill,https://www.youtube.com/watch?v=1gonAX2JKFw
4WD,https://www.youtube.com/watch?v=sLdSTCTZhq8
cool aid,https://www.youtube.com/watch?v=jJA-arFm_F8
how can i bring you back (again),https://www.youtube.com/watch?v=zQ5nD_1qybE
you.,https://www.youtube.com/watch?v=i7Tuhk9eOCs
Lemonade,https://www.youtube.com/watch?v=a50zN7bLL-k
